{"mse": 441.6786704619848, "mae": 10.002832874322628, "r2": 0.974128530709259}